{"data":[{"_lat":43.917833,"_lon":-79.229028},{"_lat":43.676167,"_lon":-79.6305},{"_lat":43.033,"_lon":-81.151167}]}